{
    "MSE": 0.4537813316302621,
    "R2": 0.2842830331011824
}